{"cameraMode":{"drawMode":0,"name":"Shaded","section":"Shading Mode"},"sceneLighting":true,"audioPlay":false,"sceneViewState":{"m_AlwaysRefresh":false,"showFog":true,"showSkybox":true,"showFlares":true,"showImageEffects":true,"showParticleSystems":true,"showVisualEffectGraphs":true,"m_FxEnabled":true},"in2DMode":false,"pivot":{"x":3.4328255653381349,"y":1.7410290241241456,"z":1.5497703552246094},"rotation":{"x":0.05664435029029846,"y":-0.023363152518868448,"z":-0.0013260346604511142,"w":-0.9981196522712708},"size":7.507079601287842,"orthographic":false}